Step,Loss,success
0,1.589804768562317,False
1,1.2905446290969849,False
