Step,Loss
0,2.352693557739258
1,2.1014328002929688
2,2.050926923751831
3,1.9816498756408691
4,1.9789440631866455
5,2.1161415576934814
6,1.7345000505447388
7,1.6744898557662964
8,1.7402055263519287
9,1.6868079900741577
10,1.4755371809005737
