Step,Loss
0,2.3524961471557617
1,2.274810314178467
2,2.256469249725342
3,2.1630923748016357
4,2.1656594276428223
