Step,Loss
0,1.8153133392333984
1,1.6024773120880127
2,1.5075562000274658
3,1.541411280632019
4,1.5353012084960938
5,1.545318603515625
6,1.3931586742401123
7,1.336120843887329
8,1.3797070980072021
9,1.3257957696914673
10,1.2851145267486572
