Step,Loss,success
0,2.010638475418091,False
1,1.95513916015625,False
