Step,Loss,success
0,2.4608964920043945,True
1,2.209716796875,True
